,NAME,Total Population,"Not Hispanic, White","Not Hispanic, Black","Not Hispanic, American Indian","Not Hispanic, Asian","Not Hispanic, Native Hawaiian","Not Hispanic, Other","Not Hispanic, Two or More Races",Hispanic,Median HH Income,state,county,tract
0,"Census Tract 27.01, Philadelphia County, Pennsylvania",4098.0,2389.0,368.0,0.0,429.0,0.0,38.0,89.0,785.0,80470.0,42,101,002701
1,"Census Tract 27.02, Philadelphia County, Pennsylvania",4300.0,3563.0,124.0,0.0,167.0,0.0,0.0,121.0,325.0,76060.0,42,101,002702
2,"Census Tract 28.01, Philadelphia County, Pennsylvania",4452.0,1620.0,294.0,23.0,1232.0,0.0,0.0,80.0,1203.0,65847.0,42,101,002801
3,"Census Tract 28.02, Philadelphia County, Pennsylvania",5772.0,3429.0,221.0,0.0,1351.0,0.0,0.0,86.0,685.0,67585.0,42,101,002802
4,"Census Tract 29, Philadelphia County, Pennsylvania",3762.0,2728.0,50.0,0.0,252.0,0.0,0.0,188.0,544.0,66932.0,42,101,002900
5,"Census Tract 30.01, Philadelphia County, Pennsylvania",3722.0,1295.0,718.0,0.0,1325.0,0.0,1.0,172.0,211.0,50536.0,42,101,003001
6,"Census Tract 30.02, Philadelphia County, Pennsylvania",2961.0,1075.0,1221.0,13.0,275.0,0.0,30.0,74.0,273.0,54286.0,42,101,003002
7,"Census Tract 31, Philadelphia County, Pennsylvania",4575.0,1095.0,2796.0,56.0,140.0,0.0,0.0,116.0,372.0,57250.0,42,101,003100
8,"Census Tract 32, Philadelphia County, Pennsylvania",4100.0,467.0,2731.0,0.0,387.0,0.0,5.0,202.0,308.0,43289.0,42,101,003200
9,"Census Tract 33, Philadelphia County, Pennsylvania",6417.0,2364.0,2640.0,0.0,440.0,0.0,0.0,66.0,907.0,53678.0,42,101,003300
10,"Census Tract 36, Philadelphia County, Pennsylvania",7109.0,1537.0,4068.0,74.0,1263.0,0.0,0.0,70.0,97.0,36861.0,42,101,003600
11,"Census Tract 37.01, Philadelphia County, Pennsylvania",5617.0,962.0,3069.0,67.0,1043.0,0.0,0.0,31.0,445.0,39340.0,42,101,003701
12,"Census Tract 37.02, Philadelphia County, Pennsylvania",3922.0,746.0,1795.0,61.0,1005.0,0.0,0.0,133.0,182.0,40202.0,42,101,003702
13,"Census Tract 38, Philadelphia County, Pennsylvania",3912.0,3335.0,37.0,0.0,261.0,0.0,0.0,83.0,196.0,75682.0,42,101,003800
14,"Census Tract 39.01, Philadelphia County, Pennsylvania",6429.0,4164.0,715.0,0.0,903.0,0.0,0.0,39.0,608.0,51932.0,42,101,003901
15,"Census Tract 39.02, Philadelphia County, Pennsylvania",5682.0,5453.0,0.0,33.0,83.0,0.0,0.0,86.0,27.0,66179.0,42,101,003902
16,"Census Tract 40.01, Philadelphia County, Pennsylvania",4037.0,2660.0,114.0,0.0,303.0,0.0,0.0,89.0,871.0,61542.0,42,101,004001
17,"Census Tract 40.02, Philadelphia County, Pennsylvania",5247.0,4119.0,199.0,0.0,569.0,0.0,0.0,274.0,86.0,63726.0,42,101,004002
18,"Census Tract 41.01, Philadelphia County, Pennsylvania",4952.0,1420.0,557.0,0.0,1698.0,0.0,0.0,25.0,1252.0,36365.0,42,101,004101
19,"Census Tract 41.03, Philadelphia County, Pennsylvania",5244.0,449.0,90.0,0.0,1951.0,0.0,0.0,495.0,2259.0,47905.0,42,101,004103
20,"Census Tract 41.04, Philadelphia County, Pennsylvania",4212.0,1154.0,0.0,0.0,2143.0,7.0,0.0,13.0,895.0,47409.0,42,101,004104
21,"Census Tract 42.01, Philadelphia County, Pennsylvania",5374.0,4034.0,34.0,0.0,1211.0,0.0,0.0,16.0,79.0,61633.0,42,101,004201
22,"Census Tract 42.02, Philadelphia County, Pennsylvania",5763.0,3917.0,140.0,7.0,881.0,0.0,0.0,161.0,657.0,61858.0,42,101,004202
23,"Census Tract 54, Philadelphia County, Pennsylvania",1552.0,233.0,1101.0,0.0,87.0,0.0,0.0,41.0,90.0,57333.0,42,101,005400
24,"Census Tract 55, Philadelphia County, Pennsylvania",6172.0,836.0,4701.0,17.0,120.0,0.0,0.0,60.0,438.0,61417.0,42,101,005500
25,"Census Tract 56, Philadelphia County, Pennsylvania",1239.0,58.0,1080.0,0.0,4.0,0.0,0.0,83.0,14.0,42031.0,42,101,005600
26,"Census Tract 60, Philadelphia County, Pennsylvania",6370.0,449.0,4583.0,0.0,474.0,0.0,64.0,427.0,373.0,43235.0,42,101,006000
27,"Census Tract 61, Philadelphia County, Pennsylvania",2776.0,143.0,2449.0,0.0,174.0,0.0,0.0,0.0,10.0,35361.0,42,101,006100
28,"Census Tract 62, Philadelphia County, Pennsylvania",4672.0,209.0,4189.0,0.0,149.0,0.0,0.0,0.0,125.0,32521.0,42,101,006200
29,"Census Tract 63, Philadelphia County, Pennsylvania",4599.0,154.0,3570.0,0.0,409.0,0.0,0.0,80.0,386.0,28681.0,42,101,006300
30,"Census Tract 64, Philadelphia County, Pennsylvania",4801.0,306.0,4094.0,175.0,147.0,0.0,0.0,30.0,49.0,28981.0,42,101,006400
31,"Census Tract 65, Philadelphia County, Pennsylvania",3867.0,15.0,3797.0,0.0,0.0,9.0,0.0,46.0,0.0,36974.0,42,101,006500
32,"Census Tract 66, Philadelphia County, Pennsylvania",3370.0,139.0,2788.0,0.0,275.0,0.0,0.0,60.0,108.0,21289.0,42,101,006600
33,"Census Tract 67, Philadelphia County, Pennsylvania",7215.0,167.0,5985.0,78.0,475.0,0.0,229.0,236.0,45.0,37056.0,42,101,006700
34,"Census Tract 70, Philadelphia County, Pennsylvania",3598.0,29.0,3496.0,0.0,38.0,17.0,0.0,18.0,0.0,38378.0,42,101,007000
35,"Census Tract 71.01, Philadelphia County, Pennsylvania",2710.0,156.0,2444.0,0.0,50.0,0.0,0.0,0.0,60.0,34303.0,42,101,007101
36,"Census Tract 71.02, Philadelphia County, Pennsylvania",4476.0,111.0,3966.0,27.0,0.0,0.0,0.0,4.0,368.0,29738.0,42,101,007102
37,"Census Tract 72, Philadelphia County, Pennsylvania",4578.0,94.0,4116.0,0.0,39.0,0.0,0.0,217.0,112.0,35412.0,42,101,007200
38,"Census Tract 73, Philadelphia County, Pennsylvania",3146.0,442.0,2501.0,0.0,112.0,0.0,12.0,54.0,25.0,32195.0,42,101,007300
39,"Census Tract 74, Philadelphia County, Pennsylvania",4506.0,428.0,3223.0,0.0,94.0,0.0,0.0,689.0,72.0,33424.0,42,101,007400
40,"Census Tract 77, Philadelphia County, Pennsylvania",1946.0,938.0,325.0,0.0,365.0,0.0,0.0,151.0,167.0,50625.0,42,101,007700
41,"Census Tract 78, Philadelphia County, Pennsylvania",4066.0,2257.0,716.0,0.0,582.0,60.0,0.0,55.0,396.0,49526.0,42,101,007800
42,"Census Tract 79, Philadelphia County, Pennsylvania",4044.0,2255.0,988.0,0.0,285.0,39.0,0.0,241.0,236.0,66667.0,42,101,007900
43,"Census Tract 80, Philadelphia County, Pennsylvania",3900.0,830.0,2703.0,0.0,69.0,0.0,0.0,167.0,131.0,60163.0,42,101,008000
44,"Census Tract 81.01, Philadelphia County, Pennsylvania",3258.0,283.0,2966.0,0.0,0.0,0.0,0.0,0.0,9.0,41537.0,42,101,008101
45,"Census Tract 81.02, Philadelphia County, Pennsylvania",4786.0,300.0,3878.0,0.0,0.0,0.0,0.0,439.0,169.0,39157.0,42,101,008102
46,"Census Tract 82, Philadelphia County, Pennsylvania",6202.0,61.0,5771.0,0.0,0.0,0.0,0.0,54.0,316.0,30182.0,42,101,008200
47,"Census Tract 83.01, Philadelphia County, Pennsylvania",4751.0,98.0,4253.0,7.0,0.0,0.0,0.0,61.0,332.0,33478.0,42,101,008301
48,"Census Tract 83.02, Philadelphia County, Pennsylvania",4586.0,21.0,4369.0,53.0,0.0,0.0,0.0,57.0,86.0,24497.0,42,101,008302
49,"Census Tract 84, Philadelphia County, Pennsylvania",4864.0,66.0,4221.0,0.0,44.0,0.0,0.0,489.0,44.0,43839.0,42,101,008400
50,"Census Tract 85, Philadelphia County, Pennsylvania",6272.0,671.0,4984.0,157.0,116.0,0.0,0.0,125.0,219.0,38610.0,42,101,008500
51,"Census Tract 86.01, Philadelphia County, Pennsylvania",3355.0,1713.0,684.0,0.0,311.0,0.0,47.0,183.0,417.0,52019.0,42,101,008601
52,"Census Tract 86.02, Philadelphia County, Pennsylvania",3126.0,815.0,1781.0,0.0,295.0,0.0,0.0,154.0,81.0,31776.0,42,101,008602
53,"Census Tract 87.01, Philadelphia County, Pennsylvania",3318.0,1676.0,403.0,69.0,788.0,0.0,14.0,137.0,231.0,50197.0,42,101,008701
54,"Census Tract 87.02, Philadelphia County, Pennsylvania",2601.0,1329.0,286.0,0.0,587.0,0.0,73.0,68.0,258.0,31172.0,42,101,008702
55,"Census Tract 88.01, Philadelphia County, Pennsylvania",2073.0,916.0,240.0,7.0,502.0,0.0,0.0,131.0,277.0,41250.0,42,101,008801
56,"Census Tract 88.02, Philadelphia County, Pennsylvania",5956.0,2450.0,1580.0,0.0,1274.0,0.0,0.0,94.0,558.0,17403.0,42,101,008802
57,"Census Tract 90, Philadelphia County, Pennsylvania",6405.0,3745.0,875.0,0.0,1150.0,0.0,11.0,175.0,449.0,32566.0,42,101,009000
58,"Census Tract 91, Philadelphia County, Pennsylvania",2722.0,703.0,957.0,0.0,778.0,0.0,37.0,102.0,145.0,25741.0,42,101,009100
59,"Census Tract 92, Philadelphia County, Pennsylvania",3640.0,527.0,2458.0,0.0,321.0,0.0,18.0,172.0,144.0,31860.0,42,101,009200
60,"Census Tract 93, Philadelphia County, Pennsylvania",4890.0,236.0,4282.0,0.0,212.0,0.0,0.0,8.0,152.0,27339.0,42,101,009300
61,"Census Tract 94, Philadelphia County, Pennsylvania",3926.0,56.0,3633.0,0.0,0.0,0.0,0.0,132.0,105.0,21714.0,42,101,009400
62,"Census Tract 95, Philadelphia County, Pennsylvania",2996.0,68.0,2921.0,0.0,0.0,0.0,7.0,0.0,0.0,28192.0,42,101,009500
63,"Census Tract 96, Philadelphia County, Pennsylvania",4118.0,0.0,3410.0,15.0,0.0,0.0,0.0,24.0,669.0,43140.0,42,101,009600
64,"Census Tract 98.01, Philadelphia County, Pennsylvania",2372.0,164.0,2125.0,0.0,27.0,0.0,0.0,0.0,56.0,64361.0,42,101,009801
65,"Census Tract 98.02, Philadelphia County, Pennsylvania",5660.0,448.0,4944.0,0.0,34.0,0.0,0.0,89.0,145.0,63403.0,42,101,009802
66,"Census Tract 100, Philadelphia County, Pennsylvania",4972.0,268.0,4523.0,0.0,67.0,0.0,0.0,71.0,43.0,52083.0,42,101,010000
67,"Census Tract 101, Philadelphia County, Pennsylvania",6332.0,115.0,6133.0,0.0,0.0,0.0,0.0,65.0,19.0,39702.0,42,101,010100
68,"Census Tract 102, Philadelphia County, Pennsylvania",3404.0,16.0,3132.0,0.0,0.0,0.0,16.0,18.0,222.0,24851.0,42,101,010200
69,"Census Tract 103, Philadelphia County, Pennsylvania",2698.0,25.0,2642.0,0.0,0.0,0.0,0.0,0.0,31.0,30405.0,42,101,010300
70,"Census Tract 104, Philadelphia County, Pennsylvania",3905.0,126.0,2995.0,0.0,0.0,0.0,650.0,57.0,77.0,-666666666.0,42,101,010400
71,"Census Tract 105, Philadelphia County, Pennsylvania",4445.0,285.0,3699.0,24.0,85.0,0.0,15.0,28.0,309.0,22175.0,42,101,010500
72,"Census Tract 106, Philadelphia County, Pennsylvania",1668.0,101.0,1368.0,0.0,100.0,0.0,0.0,54.0,45.0,14514.0,42,101,010600
73,"Census Tract 107, Philadelphia County, Pennsylvania",3821.0,198.0,3497.0,0.0,0.0,0.0,20.0,25.0,81.0,36016.0,42,101,010700
74,"Census Tract 108, Philadelphia County, Pennsylvania",4178.0,314.0,3163.0,41.0,159.0,0.0,0.0,328.0,173.0,26078.0,42,101,010800
75,"Census Tract 109, Philadelphia County, Pennsylvania",2749.0,318.0,2255.0,12.0,92.0,0.0,0.0,21.0,51.0,29656.0,42,101,010900
76,"Census Tract 110, Philadelphia County, Pennsylvania",3346.0,215.0,2674.0,0.0,32.0,0.0,139.0,166.0,120.0,14055.0,42,101,011000
77,"Census Tract 111, Philadelphia County, Pennsylvania",3791.0,117.0,3491.0,0.0,3.0,0.0,0.0,144.0,36.0,41202.0,42,101,011100
78,"Census Tract 112, Philadelphia County, Pennsylvania",5949.0,25.0,5562.0,0.0,0.0,0.0,0.0,63.0,299.0,25565.0,42,101,011200
79,"Census Tract 113, Philadelphia County, Pennsylvania",3387.0,90.0,3248.0,0.0,0.0,0.0,0.0,0.0,49.0,37808.0,42,101,011300
80,"Census Tract 114, Philadelphia County, Pennsylvania",6907.0,124.0,6639.0,0.0,13.0,0.0,0.0,66.0,65.0,33468.0,42,101,011400
81,"Census Tract 115, Philadelphia County, Pennsylvania",4358.0,287.0,3757.0,22.0,0.0,0.0,35.0,192.0,65.0,63719.0,42,101,011500
82,"Census Tract 117, Philadelphia County, Pennsylvania",1956.0,838.0,731.0,0.0,293.0,0.0,0.0,56.0,38.0,77500.0,42,101,011700
83,"Census Tract 118, Philadelphia County, Pennsylvania",5565.0,81.0,5220.0,0.0,69.0,0.0,0.0,91.0,104.0,35609.0,42,101,011800
84,"Census Tract 119, Philadelphia County, Pennsylvania",5213.0,229.0,4758.0,0.0,0.0,0.0,39.0,143.0,44.0,41345.0,42,101,011900
85,"Census Tract 120, Philadelphia County, Pennsylvania",2132.0,594.0,1098.0,0.0,222.0,0.0,11.0,126.0,81.0,76190.0,42,101,012000
86,"Census Tract 122.01, Philadelphia County, Pennsylvania",2765.0,687.0,1444.0,0.0,411.0,0.0,0.0,143.0,80.0,32625.0,42,101,012201
87,"Census Tract 122.03, Philadelphia County, Pennsylvania",791.0,154.0,142.0,0.0,272.0,27.0,0.0,114.0,82.0,52209.0,42,101,012203
88,"Census Tract 122.04, Philadelphia County, Pennsylvania",3873.0,619.0,2791.0,22.0,198.0,0.0,0.0,82.0,161.0,56495.0,42,101,012204
89,"Census Tract 125.01, Philadelphia County, Pennsylvania",2182.0,1442.0,206.0,0.0,364.0,0.0,0.0,77.0,93.0,66566.0,42,101,012501
90,"Census Tract 125.02, Philadelphia County, Pennsylvania",3467.0,1970.0,358.0,0.0,856.0,0.0,0.0,53.0,230.0,79435.0,42,101,012502
91,"Census Tract 131, Philadelphia County, Pennsylvania",1752.0,563.0,970.0,0.0,99.0,0.0,0.0,71.0,49.0,27491.0,42,101,013100
92,"Census Tract 132, Philadelphia County, Pennsylvania",2643.0,835.0,1213.0,33.0,159.0,0.0,18.0,62.0,323.0,35687.0,42,101,013200
93,"Census Tract 133, Philadelphia County, Pennsylvania",3130.0,1701.0,881.0,0.0,236.0,0.0,0.0,139.0,173.0,87784.0,42,101,013300
94,"Census Tract 134.01, Philadelphia County, Pennsylvania",2790.0,2394.0,275.0,0.0,85.0,0.0,0.0,35.0,1.0,101875.0,42,101,013401
95,"Census Tract 134.02, Philadelphia County, Pennsylvania",2887.0,2287.0,148.0,17.0,113.0,0.0,0.0,108.0,214.0,81483.0,42,101,013402
96,"Census Tract 135, Philadelphia County, Pennsylvania",4019.0,2880.0,814.0,0.0,77.0,0.0,0.0,30.0,218.0,107414.0,42,101,013500
97,"Census Tract 136.01, Philadelphia County, Pennsylvania",2864.0,2288.0,158.0,0.0,245.0,0.0,17.0,96.0,60.0,110819.0,42,101,013601
98,"Census Tract 136.02, Philadelphia County, Pennsylvania",4031.0,3069.0,186.0,0.0,197.0,0.0,0.0,453.0,126.0,92212.0,42,101,013602
99,"Census Tract 137.01, Philadelphia County, Pennsylvania",1498.0,563.0,714.0,0.0,104.0,0.0,0.0,55.0,62.0,81300.0,42,101,013701
100,"Census Tract 137.02, Philadelphia County, Pennsylvania",3507.0,876.0,2403.0,0.0,51.0,0.0,0.0,17.0,160.0,27262.0,42,101,013702
101,"Census Tract 138, Philadelphia County, Pennsylvania",1645.0,426.0,988.0,0.0,40.0,36.0,0.0,107.0,48.0,51402.0,42,101,013800
102,"Census Tract 139, Philadelphia County, Pennsylvania",1797.0,473.0,974.0,0.0,0.0,0.0,0.0,74.0,276.0,43792.0,42,101,013900
103,"Census Tract 140, Philadelphia County, Pennsylvania",3869.0,1276.0,1911.0,0.0,153.0,0.0,63.0,188.0,278.0,55595.0,42,101,014000
104,"Census Tract 141, Philadelphia County, Pennsylvania",2674.0,433.0,1832.0,16.0,257.0,0.0,0.0,27.0,109.0,21917.0,42,101,014100
105,"Census Tract 142.01, Philadelphia County, Pennsylvania",3735.0,2668.0,314.0,16.0,133.0,0.0,0.0,101.0,503.0,111104.0,42,101,014201
106,"Census Tract 142.02, Philadelphia County, Pennsylvania",2399.0,1633.0,56.0,0.0,358.0,0.0,0.0,47.0,305.0,112736.0,42,101,014202
107,"Census Tract 143, Philadelphia County, Pennsylvania",2021.0,1627.0,100.0,0.0,117.0,0.0,0.0,64.0,113.0,99020.0,42,101,014300
108,"Census Tract 144, Philadelphia County, Pennsylvania",4648.0,2582.0,403.0,0.0,300.0,0.0,3.0,96.0,1264.0,109583.0,42,101,014400
109,"Census Tract 145, Philadelphia County, Pennsylvania",1962.0,107.0,1421.0,0.0,9.0,0.0,47.0,7.0,371.0,28173.0,42,101,014500
110,"Census Tract 146, Philadelphia County, Pennsylvania",4208.0,1263.0,2056.0,12.0,562.0,0.0,0.0,185.0,130.0,39167.0,42,101,014600
111,"Census Tract 147, Philadelphia County, Pennsylvania",2537.0,850.0,1155.0,0.0,167.0,0.0,0.0,168.0,197.0,18310.0,42,101,014700
112,"Census Tract 148, Philadelphia County, Pennsylvania",722.0,19.0,569.0,0.0,99.0,0.0,0.0,23.0,12.0,14573.0,42,101,014800
113,"Census Tract 149, Philadelphia County, Pennsylvania",4091.0,440.0,2966.0,0.0,32.0,0.0,0.0,149.0,504.0,19931.0,42,101,014900
114,"Census Tract 151.01, Philadelphia County, Pennsylvania",1929.0,90.0,1722.0,0.0,8.0,0.0,0.0,22.0,87.0,33000.0,42,101,015101
115,"Census Tract 151.02, Philadelphia County, Pennsylvania",4884.0,23.0,4612.0,6.0,26.0,0.0,0.0,72.0,145.0,21332.0,42,101,015102
116,"Census Tract 152, Philadelphia County, Pennsylvania",5738.0,300.0,5110.0,10.0,73.0,0.0,0.0,0.0,245.0,29289.0,42,101,015200
117,"Census Tract 153, Philadelphia County, Pennsylvania",3913.0,1696.0,1597.0,0.0,381.0,0.0,0.0,43.0,196.0,23393.0,42,101,015300
118,"Census Tract 156, Philadelphia County, Pennsylvania",1561.0,242.0,326.0,0.0,16.0,0.0,1.0,12.0,964.0,34773.0,42,101,015600
119,"Census Tract 157, Philadelphia County, Pennsylvania",2556.0,1394.0,133.0,0.0,144.0,0.0,0.0,160.0,725.0,63750.0,42,101,015700
120,"Census Tract 158, Philadelphia County, Pennsylvania",7308.0,6060.0,173.0,0.0,185.0,0.0,0.0,80.0,810.0,95450.0,42,101,015800
121,"Census Tract 160.01, Philadelphia County, Pennsylvania",2330.0,2113.0,198.0,0.0,0.0,0.0,0.0,0.0,19.0,79688.0,42,101,016001
122,"Census Tract 160.02, Philadelphia County, Pennsylvania",4547.0,3803.0,105.0,0.0,143.0,0.0,0.0,0.0,496.0,72857.0,42,101,016002
123,"Census Tract 121, Philadelphia County, Pennsylvania",3257.0,604.0,2337.0,0.0,122.0,0.0,0.0,94.0,100.0,46315.0,42,101,012100
124,"Census Tract 161, Philadelphia County, Pennsylvania",6255.0,3420.0,66.0,0.0,964.0,0.0,0.0,337.0,1468.0,77979.0,42,101,016100
125,"Census Tract 162, Philadelphia County, Pennsylvania",2315.0,89.0,236.0,0.0,207.0,0.0,0.0,23.0,1760.0,32059.0,42,101,016200
126,"Census Tract 163, Philadelphia County, Pennsylvania",3204.0,265.0,372.0,0.0,82.0,0.0,0.0,2.0,2483.0,19269.0,42,101,016300
127,"Census Tract 164, Philadelphia County, Pennsylvania",4410.0,155.0,1541.0,44.0,212.0,0.0,0.0,42.0,2416.0,18814.0,42,101,016400
128,"Census Tract 165, Philadelphia County, Pennsylvania",3121.0,13.0,2532.0,6.0,63.0,0.0,5.0,0.0,502.0,15995.0,42,101,016500
129,"Census Tract 166, Philadelphia County, Pennsylvania",1998.0,289.0,1258.0,0.0,305.0,0.0,0.0,19.0,127.0,-666666666.0,42,101,016600
130,"Census Tract 167.01, Philadelphia County, Pennsylvania",3319.0,115.0,3074.0,0.0,0.0,0.0,0.0,47.0,83.0,29697.0,42,101,016701
131,"Census Tract 167.02, Philadelphia County, Pennsylvania",2378.0,211.0,2122.0,0.0,0.0,0.0,0.0,0.0,45.0,25263.0,42,101,016702
132,"Census Tract 168, Philadelphia County, Pennsylvania",2871.0,19.0,2792.0,0.0,0.0,0.0,3.0,42.0,15.0,12960.0,42,101,016800
133,"Census Tract 169.01, Philadelphia County, Pennsylvania",3540.0,9.0,3457.0,0.0,27.0,0.0,0.0,0.0,47.0,30403.0,42,101,016901
134,"Census Tract 169.02, Philadelphia County, Pennsylvania",2847.0,32.0,2742.0,0.0,0.0,0.0,25.0,0.0,48.0,19616.0,42,101,016902
135,"Census Tract 170, Philadelphia County, Pennsylvania",3217.0,589.0,2366.0,16.0,45.0,0.0,0.0,64.0,137.0,39643.0,42,101,017000
136,"Census Tract 171, Philadelphia County, Pennsylvania",3240.0,41.0,2899.0,0.0,10.0,0.0,0.0,99.0,191.0,26025.0,42,101,017100
137,"Census Tract 172.01, Philadelphia County, Pennsylvania",2576.0,3.0,2282.0,0.0,190.0,0.0,0.0,0.0,101.0,-666666666.0,42,101,017201
138,"Census Tract 172.02, Philadelphia County, Pennsylvania",3681.0,14.0,3630.0,36.0,0.0,0.0,0.0,1.0,0.0,24099.0,42,101,017202
139,"Census Tract 173, Philadelphia County, Pennsylvania",2547.0,75.0,2111.0,57.0,2.0,0.0,0.0,16.0,286.0,20951.0,42,101,017300
140,"Census Tract 174, Philadelphia County, Pennsylvania",2570.0,37.0,2108.0,0.0,14.0,0.0,0.0,126.0,285.0,28149.0,42,101,017400
141,"Census Tract 175, Philadelphia County, Pennsylvania",6928.0,137.0,1622.0,0.0,0.0,0.0,0.0,0.0,5169.0,25334.0,42,101,017500
142,"Census Tract 176.01, Philadelphia County, Pennsylvania",4584.0,161.0,202.0,12.0,0.0,0.0,42.0,0.0,4167.0,19125.0,42,101,017601
143,"Census Tract 176.02, Philadelphia County, Pennsylvania",4220.0,259.0,501.0,0.0,296.0,0.0,0.0,0.0,3164.0,23516.0,42,101,017602
144,"Census Tract 177.01, Philadelphia County, Pennsylvania",3515.0,379.0,732.0,20.0,39.0,0.0,0.0,69.0,2276.0,18516.0,42,101,017701
145,"Census Tract 177.02, Philadelphia County, Pennsylvania",4705.0,391.0,780.0,0.0,0.0,0.0,0.0,21.0,3513.0,25417.0,42,101,017702
146,"Census Tract 178, Philadelphia County, Pennsylvania",6408.0,1496.0,1770.0,6.0,36.0,0.0,22.0,500.0,2578.0,27619.0,42,101,017800
147,"Census Tract 179, Philadelphia County, Pennsylvania",6111.0,1855.0,1200.0,0.0,24.0,0.0,0.0,205.0,2827.0,39672.0,42,101,017900
148,"Census Tract 180.01, Philadelphia County, Pennsylvania",2358.0,1875.0,49.0,0.0,0.0,0.0,0.0,159.0,275.0,55577.0,42,101,018001
149,"Census Tract 180.02, Philadelphia County, Pennsylvania",6276.0,4475.0,73.0,0.0,320.0,0.0,0.0,964.0,444.0,60641.0,42,101,018002
150,"Census Tract 183, Philadelphia County, Pennsylvania",4092.0,3979.0,3.0,0.0,0.0,0.0,0.0,44.0,66.0,70476.0,42,101,018300
151,"Census Tract 184, Philadelphia County, Pennsylvania",2377.0,2209.0,1.0,6.0,14.0,0.0,0.0,21.0,126.0,57365.0,42,101,018400
152,"Census Tract 188.01, Philadelphia County, Pennsylvania",3972.0,602.0,289.0,0.0,0.0,0.0,0.0,1.0,3080.0,19409.0,42,101,018801
153,"Census Tract 188.02, Philadelphia County, Pennsylvania",4884.0,534.0,807.0,0.0,0.0,0.0,0.0,2.0,3541.0,40262.0,42,101,018802
154,"Census Tract 190, Philadelphia County, Pennsylvania",7913.0,815.0,856.0,0.0,345.0,0.0,48.0,0.0,5849.0,36368.0,42,101,019000
155,"Census Tract 191, Philadelphia County, Pennsylvania",8167.0,1138.0,733.0,0.0,849.0,0.0,0.0,91.0,5356.0,45104.0,42,101,019100
156,"Census Tract 192, Philadelphia County, Pennsylvania",8652.0,813.0,1479.0,0.0,391.0,0.0,0.0,0.0,5969.0,19205.0,42,101,019200
157,"Census Tract 195.01, Philadelphia County, Pennsylvania",4617.0,387.0,126.0,1.0,0.0,0.0,0.0,0.0,4103.0,18804.0,42,101,019501
158,"Census Tract 195.02, Philadelphia County, Pennsylvania",3955.0,336.0,283.0,0.0,0.0,0.0,0.0,177.0,3159.0,25202.0,42,101,019502
159,"Census Tract 197, Philadelphia County, Pennsylvania",6778.0,203.0,1742.0,0.0,330.0,0.0,0.0,0.0,4503.0,28798.0,42,101,019700
160,"Census Tract 198, Philadelphia County, Pennsylvania",6631.0,212.0,1609.0,0.0,262.0,0.0,0.0,104.0,4444.0,30958.0,42,101,019800
161,"Census Tract 199, Philadelphia County, Pennsylvania",4811.0,71.0,1369.0,0.0,0.0,0.0,0.0,20.0,3351.0,20597.0,42,101,019900
162,"Census Tract 200, Philadelphia County, Pennsylvania",1420.0,106.0,1064.0,0.0,10.0,0.0,0.0,9.0,231.0,9276.0,42,101,020000
163,"Census Tract 201.01, Philadelphia County, Pennsylvania",3196.0,159.0,2719.0,0.0,87.0,0.0,0.0,37.0,194.0,17500.0,42,101,020101
164,"Census Tract 201.02, Philadelphia County, Pennsylvania",3508.0,25.0,3286.0,13.0,0.0,9.0,0.0,0.0,175.0,36462.0,42,101,020102
165,"Census Tract 202, Philadelphia County, Pennsylvania",4529.0,117.0,3810.0,0.0,8.0,0.0,0.0,436.0,158.0,23138.0,42,101,020200
166,"Census Tract 203, Philadelphia County, Pennsylvania",3207.0,61.0,2791.0,0.0,12.0,0.0,0.0,0.0,343.0,30474.0,42,101,020300
167,"Census Tract 204, Philadelphia County, Pennsylvania",3127.0,87.0,2695.0,0.0,0.0,0.0,0.0,50.0,295.0,30262.0,42,101,020400
168,"Census Tract 205, Philadelphia County, Pennsylvania",2210.0,46.0,1994.0,0.0,109.0,0.0,0.0,0.0,61.0,17392.0,42,101,020500
169,"Census Tract 206, Philadelphia County, Pennsylvania",1770.0,1077.0,318.0,0.0,99.0,0.0,11.0,27.0,238.0,57083.0,42,101,020600
170,"Census Tract 207.01, Philadelphia County, Pennsylvania",4130.0,3286.0,247.0,0.0,203.0,0.0,27.0,196.0,171.0,100368.0,42,101,020701
171,"Census Tract 207.02, Philadelphia County, Pennsylvania",1781.0,1233.0,259.0,0.0,94.0,0.0,0.0,110.0,85.0,112243.0,42,101,020702
172,"Census Tract 208, Philadelphia County, Pennsylvania",2432.0,1230.0,681.0,0.0,235.0,0.0,0.0,130.0,156.0,83021.0,42,101,020800
173,"Census Tract 209, Philadelphia County, Pennsylvania",3058.0,2415.0,301.0,36.0,34.0,0.0,0.0,8.0,264.0,73068.0,42,101,020900
174,"Census Tract 210, Philadelphia County, Pennsylvania",5401.0,4163.0,612.0,14.0,139.0,0.0,0.0,83.0,390.0,75784.0,42,101,021000
175,"Census Tract 211, Philadelphia County, Pennsylvania",2419.0,1758.0,217.0,0.0,83.0,0.0,0.0,71.0,290.0,66453.0,42,101,021100
176,"Census Tract 212, Philadelphia County, Pennsylvania",2683.0,1985.0,416.0,0.0,92.0,0.0,0.0,45.0,145.0,90325.0,42,101,021200
177,"Census Tract 213, Philadelphia County, Pennsylvania",3319.0,2695.0,281.0,0.0,63.0,0.0,0.0,153.0,127.0,74688.0,42,101,021300
178,"Census Tract 214, Philadelphia County, Pennsylvania",3779.0,3045.0,347.0,0.0,72.0,0.0,0.0,148.0,167.0,76214.0,42,101,021400
179,"Census Tract 215, Philadelphia County, Pennsylvania",3903.0,3079.0,506.0,0.0,138.0,0.0,0.0,86.0,94.0,81989.0,42,101,021500
180,"Census Tract 216, Philadelphia County, Pennsylvania",2394.0,1579.0,364.0,0.0,93.0,0.0,50.0,188.0,120.0,78438.0,42,101,021600
181,"Census Tract 217, Philadelphia County, Pennsylvania",5943.0,4016.0,1112.0,0.0,97.0,0.0,25.0,429.0,264.0,84550.0,42,101,021700
182,"Census Tract 218, Philadelphia County, Pennsylvania",5032.0,3141.0,1100.0,0.0,163.0,0.0,0.0,285.0,343.0,66039.0,42,101,021800
183,"Census Tract 219, Philadelphia County, Pennsylvania",1445.0,1334.0,61.0,0.0,9.0,0.0,0.0,0.0,41.0,61489.0,42,101,021900
184,"Census Tract 220, Philadelphia County, Pennsylvania",1474.0,1160.0,178.0,0.0,73.0,9.0,0.0,0.0,54.0,103750.0,42,101,022000
185,"Census Tract 231, Philadelphia County, Pennsylvania",1286.0,1190.0,22.0,0.0,4.0,0.0,0.0,22.0,48.0,123682.0,42,101,023100
186,"Census Tract 235, Philadelphia County, Pennsylvania",1358.0,858.0,468.0,0.0,1.0,0.0,0.0,30.0,1.0,74766.0,42,101,023500
187,"Census Tract 236, Philadelphia County, Pennsylvania",2344.0,1345.0,787.0,0.0,35.0,0.0,70.0,65.0,42.0,105054.0,42,101,023600
188,"Census Tract 237, Philadelphia County, Pennsylvania",4669.0,1638.0,2624.0,0.0,50.0,0.0,0.0,250.0,107.0,81104.0,42,101,023700
189,"Census Tract 238, Philadelphia County, Pennsylvania",4744.0,892.0,3423.0,0.0,20.0,0.0,0.0,206.0,203.0,80470.0,42,101,023800
190,"Census Tract 239, Philadelphia County, Pennsylvania",1594.0,391.0,923.0,0.0,93.0,0.0,0.0,134.0,53.0,29554.0,42,101,023900
191,"Census Tract 240, Philadelphia County, Pennsylvania",3667.0,1295.0,1890.0,11.0,99.0,0.0,21.0,122.0,229.0,54266.0,42,101,024000
192,"Census Tract 241, Philadelphia County, Pennsylvania",1415.0,233.0,1000.0,0.0,0.0,0.0,5.0,134.0,43.0,14310.0,42,101,024100
193,"Census Tract 242, Philadelphia County, Pennsylvania",4077.0,493.0,3380.0,0.0,45.0,0.0,0.0,42.0,117.0,24390.0,42,101,024200
194,"Census Tract 243, Philadelphia County, Pennsylvania",4020.0,447.0,3303.0,37.0,75.0,0.0,0.0,129.0,29.0,38333.0,42,101,024300
195,"Census Tract 244, Philadelphia County, Pennsylvania",3453.0,320.0,2779.0,193.0,0.0,0.0,0.0,0.0,161.0,36762.0,42,101,024400
196,"Census Tract 245, Philadelphia County, Pennsylvania",4344.0,161.0,4121.0,0.0,26.0,0.0,0.0,11.0,25.0,19603.0,42,101,024500
197,"Census Tract 246, Philadelphia County, Pennsylvania",2722.0,236.0,2230.0,0.0,38.0,0.0,73.0,48.0,97.0,26447.0,42,101,024600
198,"Census Tract 247, Philadelphia County, Pennsylvania",3798.0,212.0,3296.0,7.0,16.0,0.0,0.0,114.0,153.0,31724.0,42,101,024700
199,"Census Tract 248, Philadelphia County, Pennsylvania",2360.0,79.0,2116.0,0.0,0.0,9.0,52.0,39.0,65.0,44083.0,42,101,024800
200,"Census Tract 249, Philadelphia County, Pennsylvania",2529.0,45.0,2440.0,0.0,0.0,0.0,0.0,35.0,9.0,24605.0,42,101,024900
201,"Census Tract 252, Philadelphia County, Pennsylvania",8502.0,321.0,7588.0,130.0,49.0,0.0,0.0,57.0,357.0,29167.0,42,101,025200
202,"Census Tract 253, Philadelphia County, Pennsylvania",4968.0,552.0,4247.0,0.0,61.0,0.0,0.0,108.0,0.0,45730.0,42,101,025300
203,"Census Tract 254, Philadelphia County, Pennsylvania",4410.0,360.0,3695.0,0.0,25.0,0.0,24.0,188.0,118.0,58952.0,42,101,025400
204,"Census Tract 255, Philadelphia County, Pennsylvania",2775.0,1034.0,1387.0,0.0,93.0,0.0,29.0,200.0,32.0,66786.0,42,101,025500
205,"Census Tract 256, Philadelphia County, Pennsylvania",2817.0,1146.0,1078.0,0.0,87.0,0.0,55.0,160.0,291.0,86434.0,42,101,025600
206,"Census Tract 257, Philadelphia County, Pennsylvania",3997.0,1904.0,1529.0,0.0,191.0,0.0,0.0,81.0,292.0,56198.0,42,101,025700
207,"Census Tract 258, Philadelphia County, Pennsylvania",1789.0,92.0,1395.0,0.0,24.0,0.0,0.0,278.0,0.0,41250.0,42,101,025800
208,"Census Tract 259, Philadelphia County, Pennsylvania",4400.0,58.0,4175.0,0.0,13.0,0.0,118.0,18.0,18.0,47184.0,42,101,025900
209,"Census Tract 260, Philadelphia County, Pennsylvania",3206.0,81.0,3029.0,13.0,0.0,0.0,0.0,62.0,21.0,56601.0,42,101,026000
210,"Census Tract 261, Philadelphia County, Pennsylvania",3263.0,84.0,3150.0,0.0,0.0,0.0,0.0,8.0,21.0,45379.0,42,101,026100
211,"Census Tract 262, Philadelphia County, Pennsylvania",3792.0,109.0,3592.0,0.0,20.0,0.0,0.0,0.0,71.0,51498.0,42,101,026200
212,"Census Tract 263.01, Philadelphia County, Pennsylvania",3772.0,73.0,3435.0,0.0,1.0,0.0,0.0,123.0,140.0,46804.0,42,101,026301
213,"Census Tract 263.02, Philadelphia County, Pennsylvania",4629.0,150.0,4330.0,0.0,45.0,0.0,0.0,0.0,104.0,53175.0,42,101,026302
214,"Census Tract 264, Philadelphia County, Pennsylvania",5728.0,60.0,5646.0,0.0,0.0,0.0,0.0,0.0,22.0,58798.0,42,101,026400
215,"Census Tract 265, Philadelphia County, Pennsylvania",5217.0,123.0,4928.0,0.0,0.0,0.0,22.0,128.0,16.0,47740.0,42,101,026500
216,"Census Tract 266, Philadelphia County, Pennsylvania",6645.0,31.0,6154.0,0.0,0.0,0.0,0.0,309.0,151.0,46286.0,42,101,026600
217,"Census Tract 267, Philadelphia County, Pennsylvania",7298.0,2.0,7036.0,0.0,0.0,0.0,0.0,220.0,40.0,44597.0,42,101,026700
218,"Census Tract 268, Philadelphia County, Pennsylvania",4408.0,355.0,3396.0,54.0,62.0,0.0,0.0,195.0,346.0,41941.0,42,101,026800
219,"Census Tract 269, Philadelphia County, Pennsylvania",2268.0,398.0,1751.0,0.0,0.0,0.0,0.0,29.0,90.0,65850.0,42,101,026900
220,"Census Tract 270, Philadelphia County, Pennsylvania",2668.0,231.0,2242.0,0.0,125.0,4.0,25.0,0.0,41.0,75990.0,42,101,027000
221,"Census Tract 271, Philadelphia County, Pennsylvania",2786.0,195.0,1923.0,0.0,432.0,0.0,0.0,80.0,156.0,51881.0,42,101,027100
222,"Census Tract 272, Philadelphia County, Pennsylvania",4746.0,223.0,3700.0,0.0,252.0,0.0,0.0,71.0,500.0,55610.0,42,101,027200
223,"Census Tract 273, Philadelphia County, Pennsylvania",5598.0,286.0,3807.0,45.0,989.0,0.0,0.0,253.0,218.0,43132.0,42,101,027300
224,"Census Tract 274.01, Philadelphia County, Pennsylvania",2798.0,112.0,1521.0,0.0,660.0,0.0,0.0,29.0,476.0,42331.0,42,101,027401
225,"Census Tract 274.02, Philadelphia County, Pennsylvania",7739.0,464.0,4282.0,0.0,492.0,0.0,0.0,53.0,2448.0,53889.0,42,101,027402
226,"Census Tract 275, Philadelphia County, Pennsylvania",4801.0,231.0,3070.0,0.0,267.0,0.0,0.0,29.0,1204.0,52699.0,42,101,027500
227,"Census Tract 276, Philadelphia County, Pennsylvania",4347.0,23.0,3858.0,0.0,12.0,0.0,48.0,159.0,247.0,39727.0,42,101,027600
228,"Census Tract 277, Philadelphia County, Pennsylvania",4935.0,76.0,4425.0,0.0,133.0,0.0,0.0,278.0,23.0,30123.0,42,101,027700
229,"Census Tract 278, Philadelphia County, Pennsylvania",4473.0,89.0,4258.0,0.0,35.0,0.0,0.0,40.0,51.0,43352.0,42,101,027800
230,"Census Tract 279.01, Philadelphia County, Pennsylvania",3806.0,51.0,3461.0,0.0,20.0,0.0,25.0,172.0,77.0,39048.0,42,101,027901
231,"Census Tract 279.02, Philadelphia County, Pennsylvania",4557.0,1329.0,2646.0,0.0,198.0,0.0,7.0,38.0,339.0,34464.0,42,101,027902
232,"Census Tract 280, Philadelphia County, Pennsylvania",4132.0,56.0,4018.0,0.0,1.0,0.0,0.0,20.0,37.0,31611.0,42,101,028000
233,"Census Tract 281, Philadelphia County, Pennsylvania",4738.0,293.0,4171.0,0.0,0.0,0.0,0.0,98.0,176.0,52995.0,42,101,028100
234,"Census Tract 282, Philadelphia County, Pennsylvania",4484.0,130.0,3567.0,0.0,597.0,0.0,0.0,0.0,190.0,30395.0,42,101,028200
235,"Census Tract 283, Philadelphia County, Pennsylvania",7386.0,89.0,5703.0,0.0,919.0,0.0,0.0,128.0,547.0,26944.0,42,101,028300
236,"Census Tract 284, Philadelphia County, Pennsylvania",3598.0,108.0,2927.0,0.0,216.0,0.0,0.0,47.0,300.0,20365.0,42,101,028400
237,"Census Tract 285, Philadelphia County, Pennsylvania",2877.0,45.0,1118.0,0.0,421.0,6.0,0.0,50.0,1237.0,55588.0,42,101,028500
238,"Census Tract 286, Philadelphia County, Pennsylvania",6515.0,129.0,3821.0,0.0,458.0,0.0,122.0,42.0,1943.0,29355.0,42,101,028600
239,"Census Tract 287, Philadelphia County, Pennsylvania",2784.0,74.0,486.0,0.0,33.0,0.0,0.0,37.0,2154.0,19819.0,42,101,028700
240,"Census Tract 288, Philadelphia County, Pennsylvania",5001.0,584.0,722.0,0.0,606.0,0.0,0.0,16.0,3073.0,36360.0,42,101,028800
241,"Census Tract 289.01, Philadelphia County, Pennsylvania",4578.0,114.0,417.0,70.0,696.0,0.0,0.0,13.0,3268.0,39712.0,42,101,028901
242,"Census Tract 289.02, Philadelphia County, Pennsylvania",6906.0,411.0,1536.0,0.0,557.0,0.0,0.0,224.0,4178.0,29615.0,42,101,028902
243,"Census Tract 290, Philadelphia County, Pennsylvania",8010.0,389.0,2457.0,0.0,1484.0,0.0,0.0,268.0,3412.0,34391.0,42,101,029000
244,"Census Tract 291, Philadelphia County, Pennsylvania",4824.0,199.0,1125.0,0.0,1011.0,0.0,1032.0,54.0,1403.0,16862.0,42,101,029100
245,"Census Tract 292, Philadelphia County, Pennsylvania",4881.0,584.0,2180.0,115.0,263.0,0.0,0.0,21.0,1718.0,58306.0,42,101,029200
246,"Census Tract 293, Philadelphia County, Pennsylvania",3048.0,1155.0,414.0,45.0,0.0,0.0,8.0,7.0,1419.0,39946.0,42,101,029300
247,"Census Tract 294, Philadelphia County, Pennsylvania",3811.0,321.0,1628.0,0.0,181.0,0.0,0.0,0.0,1681.0,21024.0,42,101,029400
248,"Census Tract 298, Philadelphia County, Pennsylvania",5303.0,795.0,2305.0,0.0,330.0,0.0,0.0,16.0,1857.0,34386.0,42,101,029800
249,"Census Tract 299, Philadelphia County, Pennsylvania",4531.0,554.0,1990.0,0.0,48.0,0.0,1.0,149.0,1789.0,25556.0,42,101,029900
250,"Census Tract 300, Philadelphia County, Pennsylvania",7376.0,1010.0,3943.0,48.0,101.0,0.0,17.0,293.0,1964.0,28906.0,42,101,030000
251,"Census Tract 301, Philadelphia County, Pennsylvania",6225.0,815.0,3041.0,0.0,457.0,0.0,0.0,163.0,1749.0,23714.0,42,101,030100
252,"Census Tract 302, Philadelphia County, Pennsylvania",8835.0,1669.0,4192.0,28.0,193.0,0.0,87.0,30.0,2636.0,49940.0,42,101,030200
253,"Census Tract 305.01, Philadelphia County, Pennsylvania",5348.0,569.0,2904.0,0.0,264.0,0.0,0.0,94.0,1517.0,39688.0,42,101,030501
254,"Census Tract 305.02, Philadelphia County, Pennsylvania",7702.0,693.0,3580.0,0.0,416.0,0.0,62.0,1476.0,1475.0,50858.0,42,101,030502
255,"Census Tract 306, Philadelphia County, Pennsylvania",6851.0,2468.0,2093.0,0.0,502.0,0.0,0.0,129.0,1659.0,50870.0,42,101,030600
256,"Census Tract 307, Philadelphia County, Pennsylvania",4421.0,1110.0,1934.0,0.0,282.0,0.0,8.0,216.0,871.0,47039.0,42,101,030700
257,"Census Tract 308, Philadelphia County, Pennsylvania",5727.0,1795.0,1174.0,0.0,858.0,0.0,59.0,616.0,1225.0,55695.0,42,101,030800
258,"Census Tract 1.01, Philadelphia County, Pennsylvania",1879.0,1348.0,98.0,0.0,196.0,0.0,0.0,14.0,223.0,104458.0,42,101,000101
259,"Census Tract 1.02, Philadelphia County, Pennsylvania",2988.0,2533.0,184.0,0.0,58.0,0.0,0.0,75.0,138.0,104236.0,42,101,000102
260,"Census Tract 2, Philadelphia County, Pennsylvania",3175.0,796.0,170.0,0.0,1898.0,0.0,0.0,43.0,268.0,83854.0,42,101,000200
261,"Census Tract 3, Philadelphia County, Pennsylvania",3586.0,2073.0,182.0,0.0,581.0,20.0,19.0,535.0,176.0,84843.0,42,101,000300
262,"Census Tract 4.01, Philadelphia County, Pennsylvania",2577.0,1524.0,396.0,0.0,478.0,0.0,0.0,78.0,101.0,73438.0,42,101,000401
263,"Census Tract 4.03, Philadelphia County, Pennsylvania",775.0,624.0,28.0,0.0,50.0,0.0,0.0,0.0,73.0,208824.0,42,101,000403
264,"Census Tract 4.04, Philadelphia County, Pennsylvania",3383.0,2777.0,177.0,0.0,350.0,0.0,0.0,42.0,37.0,80774.0,42,101,000404
265,"Census Tract 5, Philadelphia County, Pennsylvania",2826.0,966.0,830.0,40.0,384.0,0.0,0.0,238.0,368.0,54750.0,42,101,000500
266,"Census Tract 6, Philadelphia County, Pennsylvania",1312.0,923.0,122.0,0.0,164.0,0.0,0.0,0.0,103.0,86786.0,42,101,000600
267,"Census Tract 7.01, Philadelphia County, Pennsylvania",1665.0,1299.0,23.0,0.0,265.0,0.0,0.0,0.0,78.0,83357.0,42,101,000701
268,"Census Tract 7.02, Philadelphia County, Pennsylvania",2114.0,985.0,218.0,0.0,648.0,9.0,0.0,64.0,190.0,49833.0,42,101,000702
269,"Census Tract 8.01, Philadelphia County, Pennsylvania",1631.0,1292.0,26.0,0.0,132.0,0.0,0.0,112.0,69.0,118750.0,42,101,000801
270,"Census Tract 8.03, Philadelphia County, Pennsylvania",2921.0,2285.0,83.0,0.0,323.0,0.0,31.0,70.0,129.0,71905.0,42,101,000803
271,"Census Tract 8.05, Philadelphia County, Pennsylvania",2642.0,2006.0,43.0,0.0,357.0,0.0,0.0,117.0,119.0,78438.0,42,101,000805
272,"Census Tract 8.06, Philadelphia County, Pennsylvania",2149.0,1686.0,22.0,0.0,293.0,0.0,0.0,44.0,104.0,157889.0,42,101,000806
273,"Census Tract 9.01, Philadelphia County, Pennsylvania",1976.0,1435.0,124.0,0.0,337.0,0.0,0.0,17.0,63.0,46786.0,42,101,000901
274,"Census Tract 9.02, Philadelphia County, Pennsylvania",2764.0,1877.0,151.0,49.0,486.0,0.0,0.0,58.0,143.0,61312.0,42,101,000902
275,"Census Tract 10.01, Philadelphia County, Pennsylvania",2816.0,2602.0,8.0,0.0,77.0,8.0,0.0,56.0,65.0,117557.0,42,101,001001
276,"Census Tract 10.02, Philadelphia County, Pennsylvania",3158.0,2775.0,84.0,0.0,137.0,0.0,0.0,57.0,105.0,115132.0,42,101,001002
277,"Census Tract 11.01, Philadelphia County, Pennsylvania",4072.0,2664.0,587.0,0.0,387.0,0.0,40.0,205.0,189.0,60371.0,42,101,001101
278,"Census Tract 11.02, Philadelphia County, Pennsylvania",2532.0,2071.0,132.0,0.0,202.0,0.0,0.0,82.0,45.0,105368.0,42,101,001102
279,"Census Tract 12.01, Philadelphia County, Pennsylvania",4085.0,3150.0,160.0,17.0,242.0,0.0,13.0,271.0,232.0,106902.0,42,101,001201
280,"Census Tract 12.03, Philadelphia County, Pennsylvania",1827.0,1412.0,37.0,0.0,109.0,0.0,0.0,45.0,224.0,95900.0,42,101,001203
281,"Census Tract 12.04, Philadelphia County, Pennsylvania",3156.0,2459.0,142.0,6.0,268.0,17.0,0.0,57.0,207.0,82976.0,42,101,001204
282,"Census Tract 13.01, Philadelphia County, Pennsylvania",1672.0,1135.0,339.0,0.0,60.0,0.0,0.0,90.0,48.0,150903.0,42,101,001301
283,"Census Tract 13.02, Philadelphia County, Pennsylvania",5213.0,3561.0,1059.0,0.0,232.0,0.0,0.0,128.0,233.0,104797.0,42,101,001302
284,"Census Tract 14, Philadelphia County, Pennsylvania",4100.0,2520.0,1124.0,0.0,260.0,0.0,36.0,107.0,53.0,95430.0,42,101,001400
285,"Census Tract 15, Philadelphia County, Pennsylvania",3260.0,1857.0,872.0,0.0,280.0,0.0,0.0,66.0,185.0,72596.0,42,101,001500
286,"Census Tract 16, Philadelphia County, Pennsylvania",2481.0,2087.0,123.0,0.0,99.0,0.0,9.0,63.0,100.0,116250.0,42,101,001600
287,"Census Tract 17, Philadelphia County, Pennsylvania",3039.0,2103.0,216.0,0.0,37.0,0.0,0.0,539.0,144.0,115476.0,42,101,001700
288,"Census Tract 18, Philadelphia County, Pennsylvania",3081.0,2250.0,542.0,0.0,173.0,0.0,0.0,69.0,47.0,94688.0,42,101,001800
289,"Census Tract 19, Philadelphia County, Pennsylvania",3995.0,2131.0,1166.0,0.0,391.0,0.0,0.0,91.0,216.0,121770.0,42,101,001900
290,"Census Tract 20, Philadelphia County, Pennsylvania",1882.0,537.0,1119.0,8.0,113.0,0.0,0.0,65.0,40.0,49282.0,42,101,002000
291,"Census Tract 21, Philadelphia County, Pennsylvania",2321.0,850.0,1171.0,0.0,168.0,0.0,4.0,56.0,72.0,73466.0,42,101,002100
292,"Census Tract 22, Philadelphia County, Pennsylvania",2669.0,1065.0,1400.0,0.0,117.0,0.0,22.0,15.0,50.0,54261.0,42,101,002200
293,"Census Tract 23, Philadelphia County, Pennsylvania",2977.0,1950.0,48.0,0.0,699.0,0.0,0.0,33.0,247.0,72244.0,42,101,002300
294,"Census Tract 24, Philadelphia County, Pennsylvania",4892.0,3395.0,370.0,0.0,465.0,0.0,0.0,189.0,473.0,81476.0,42,101,002400
295,"Census Tract 25, Philadelphia County, Pennsylvania",4199.0,2416.0,721.0,23.0,547.0,0.0,0.0,84.0,408.0,66851.0,42,101,002500
296,"Census Tract 309, Philadelphia County, Pennsylvania",4753.0,1173.0,1998.0,0.0,253.0,0.0,6.0,244.0,1079.0,51078.0,42,101,030900
297,"Census Tract 310, Philadelphia County, Pennsylvania",7529.0,2201.0,2181.0,204.0,1524.0,0.0,46.0,138.0,1235.0,39739.0,42,101,031000
298,"Census Tract 311.01, Philadelphia County, Pennsylvania",4967.0,710.0,1661.0,0.0,685.0,0.0,84.0,121.0,1706.0,39924.0,42,101,031101
299,"Census Tract 311.02, Philadelphia County, Pennsylvania",4709.0,376.0,1768.0,0.0,369.0,0.0,48.0,114.0,2034.0,41625.0,42,101,031102
300,"Census Tract 312, Philadelphia County, Pennsylvania",5146.0,594.0,2567.0,16.0,448.0,0.0,71.0,56.0,1394.0,42202.0,42,101,031200
301,"Census Tract 313, Philadelphia County, Pennsylvania",7692.0,2147.0,1330.0,57.0,1459.0,0.0,515.0,419.0,1765.0,44485.0,42,101,031300
302,"Census Tract 314.01, Philadelphia County, Pennsylvania",7691.0,2454.0,1218.0,0.0,1485.0,0.0,122.0,583.0,1829.0,49490.0,42,101,031401
303,"Census Tract 314.02, Philadelphia County, Pennsylvania",6158.0,1174.0,718.0,11.0,2166.0,0.0,0.0,305.0,1784.0,44604.0,42,101,031402
304,"Census Tract 315.01, Philadelphia County, Pennsylvania",7134.0,3999.0,136.0,0.0,1715.0,0.0,0.0,131.0,1153.0,47957.0,42,101,031501
305,"Census Tract 315.02, Philadelphia County, Pennsylvania",3758.0,1564.0,831.0,0.0,655.0,0.0,0.0,104.0,604.0,44275.0,42,101,031502
306,"Census Tract 316, Philadelphia County, Pennsylvania",6553.0,3150.0,1647.0,0.0,635.0,0.0,0.0,0.0,1121.0,58321.0,42,101,031600
307,"Census Tract 317, Philadelphia County, Pennsylvania",5200.0,1594.0,738.0,0.0,462.0,0.0,0.0,264.0,2142.0,28621.0,42,101,031700
308,"Census Tract 318, Philadelphia County, Pennsylvania",4305.0,831.0,1860.0,0.0,237.0,0.0,0.0,171.0,1206.0,52879.0,42,101,031800
309,"Census Tract 319, Philadelphia County, Pennsylvania",5562.0,1686.0,2102.0,0.0,156.0,0.0,0.0,125.0,1493.0,44720.0,42,101,031900
310,"Census Tract 320, Philadelphia County, Pennsylvania",7941.0,4299.0,1133.0,0.0,216.0,0.0,0.0,138.0,2155.0,50227.0,42,101,032000
311,"Census Tract 321, Philadelphia County, Pennsylvania",3686.0,1614.0,547.0,0.0,39.0,0.0,0.0,88.0,1398.0,41752.0,42,101,032100
312,"Census Tract 323, Philadelphia County, Pennsylvania",3809.0,1197.0,1389.0,0.0,0.0,0.0,5.0,216.0,1002.0,28529.0,42,101,032300
313,"Census Tract 325, Philadelphia County, Pennsylvania",5943.0,2648.0,1246.0,0.0,621.0,0.0,41.0,200.0,1187.0,43543.0,42,101,032500
314,"Census Tract 326, Philadelphia County, Pennsylvania",7862.0,4424.0,884.0,0.0,1011.0,0.0,16.0,306.0,1221.0,60231.0,42,101,032600
315,"Census Tract 329, Philadelphia County, Pennsylvania",3695.0,1739.0,547.0,0.0,412.0,0.0,0.0,131.0,866.0,41211.0,42,101,032900
316,"Census Tract 330, Philadelphia County, Pennsylvania",9169.0,3890.0,1526.0,0.0,569.0,0.0,0.0,546.0,2638.0,44694.0,42,101,033000
317,"Census Tract 331.01, Philadelphia County, Pennsylvania",5476.0,3429.0,915.0,0.0,347.0,0.0,5.0,237.0,543.0,61477.0,42,101,033101
318,"Census Tract 331.02, Philadelphia County, Pennsylvania",3849.0,2625.0,298.0,0.0,26.0,0.0,0.0,303.0,597.0,46799.0,42,101,033102
319,"Census Tract 332, Philadelphia County, Pennsylvania",2951.0,1482.0,94.0,0.0,851.0,0.0,75.0,0.0,449.0,64871.0,42,101,033200
320,"Census Tract 333, Philadelphia County, Pennsylvania",3985.0,2637.0,496.0,0.0,286.0,0.0,0.0,134.0,432.0,53785.0,42,101,033300
321,"Census Tract 334, Philadelphia County, Pennsylvania",5551.0,2497.0,1305.0,0.0,1328.0,0.0,40.0,51.0,330.0,48967.0,42,101,033400
322,"Census Tract 335, Philadelphia County, Pennsylvania",3801.0,1625.0,845.0,0.0,738.0,0.0,0.0,145.0,448.0,47932.0,42,101,033500
323,"Census Tract 336, Philadelphia County, Pennsylvania",7028.0,3615.0,1489.0,0.0,1176.0,0.0,35.0,25.0,688.0,42988.0,42,101,033600
324,"Census Tract 337.01, Philadelphia County, Pennsylvania",7661.0,3264.0,1541.0,0.0,859.0,0.0,32.0,296.0,1669.0,48539.0,42,101,033701
325,"Census Tract 337.02, Philadelphia County, Pennsylvania",4359.0,2274.0,373.0,0.0,1354.0,0.0,253.0,0.0,105.0,65572.0,42,101,033702
326,"Census Tract 338, Philadelphia County, Pennsylvania",6858.0,4639.0,379.0,38.0,242.0,0.0,328.0,88.0,1144.0,57636.0,42,101,033800
327,"Census Tract 339, Philadelphia County, Pennsylvania",2893.0,1642.0,769.0,0.0,235.0,0.0,0.0,70.0,177.0,51710.0,42,101,033900
328,"Census Tract 340, Philadelphia County, Pennsylvania",3055.0,2146.0,230.0,0.0,206.0,0.0,5.0,0.0,468.0,89181.0,42,101,034000
329,"Census Tract 341, Philadelphia County, Pennsylvania",5310.0,3426.0,411.0,0.0,498.0,0.0,105.0,161.0,709.0,63485.0,42,101,034100
330,"Census Tract 342, Philadelphia County, Pennsylvania",3648.0,2565.0,671.0,0.0,111.0,0.0,5.0,0.0,296.0,56181.0,42,101,034200
331,"Census Tract 344, Philadelphia County, Pennsylvania",8083.0,5293.0,714.0,8.0,1221.0,0.0,0.0,66.0,781.0,81582.0,42,101,034400
332,"Census Tract 345.01, Philadelphia County, Pennsylvania",4852.0,2714.0,886.0,0.0,560.0,0.0,0.0,104.0,588.0,49176.0,42,101,034501
333,"Census Tract 345.02, Philadelphia County, Pennsylvania",5427.0,2757.0,1067.0,0.0,842.0,17.0,0.0,129.0,615.0,47714.0,42,101,034502
334,"Census Tract 346, Philadelphia County, Pennsylvania",2617.0,1030.0,702.0,0.0,208.0,0.0,0.0,35.0,642.0,51667.0,42,101,034600
335,"Census Tract 347.01, Philadelphia County, Pennsylvania",7314.0,4658.0,1125.0,6.0,1126.0,0.0,0.0,47.0,352.0,58370.0,42,101,034701
336,"Census Tract 347.02, Philadelphia County, Pennsylvania",3493.0,2482.0,339.0,0.0,313.0,0.0,0.0,8.0,351.0,88384.0,42,101,034702
337,"Census Tract 348.01, Philadelphia County, Pennsylvania",4739.0,4032.0,192.0,0.0,186.0,0.0,13.0,39.0,277.0,58571.0,42,101,034801
338,"Census Tract 348.02, Philadelphia County, Pennsylvania",5765.0,3200.0,1707.0,0.0,0.0,53.0,0.0,89.0,716.0,45956.0,42,101,034802
339,"Census Tract 348.03, Philadelphia County, Pennsylvania",3854.0,3148.0,76.0,11.0,91.0,0.0,14.0,104.0,410.0,80672.0,42,101,034803
340,"Census Tract 349, Philadelphia County, Pennsylvania",4959.0,2248.0,1307.0,0.0,185.0,0.0,21.0,79.0,1119.0,53947.0,42,101,034900
341,"Census Tract 351, Philadelphia County, Pennsylvania",4040.0,3181.0,397.0,0.0,180.0,0.0,0.0,159.0,123.0,59219.0,42,101,035100
342,"Census Tract 352, Philadelphia County, Pennsylvania",4733.0,4171.0,104.0,0.0,132.0,0.0,0.0,4.0,322.0,75972.0,42,101,035200
343,"Census Tract 353.01, Philadelphia County, Pennsylvania",5487.0,4395.0,112.0,0.0,127.0,0.0,0.0,116.0,737.0,78574.0,42,101,035301
344,"Census Tract 353.02, Philadelphia County, Pennsylvania",4569.0,3049.0,433.0,0.0,205.0,0.0,11.0,479.0,392.0,54219.0,42,101,035302
345,"Census Tract 355, Philadelphia County, Pennsylvania",7717.0,5714.0,488.0,0.0,706.0,14.0,102.0,434.0,259.0,60050.0,42,101,035500
346,"Census Tract 356.01, Philadelphia County, Pennsylvania",5221.0,3652.0,199.0,10.0,652.0,0.0,0.0,30.0,678.0,47616.0,42,101,035601
347,"Census Tract 356.02, Philadelphia County, Pennsylvania",3602.0,2319.0,45.0,0.0,912.0,10.0,0.0,43.0,273.0,87838.0,42,101,035602
348,"Census Tract 357.01, Philadelphia County, Pennsylvania",4758.0,2583.0,200.0,0.0,1341.0,0.0,0.0,319.0,315.0,41182.0,42,101,035701
349,"Census Tract 357.02, Philadelphia County, Pennsylvania",4330.0,3252.0,26.0,0.0,761.0,0.0,0.0,146.0,145.0,42101.0,42,101,035702
350,"Census Tract 358, Philadelphia County, Pennsylvania",6652.0,4393.0,326.0,15.0,1323.0,0.0,174.0,183.0,238.0,62214.0,42,101,035800
351,"Census Tract 359, Philadelphia County, Pennsylvania",5352.0,3510.0,104.0,40.0,1177.0,0.0,0.0,191.0,330.0,55287.0,42,101,035900
352,"Census Tract 360, Philadelphia County, Pennsylvania",3512.0,2072.0,404.0,11.0,757.0,0.0,0.0,123.0,145.0,58068.0,42,101,036000
353,"Census Tract 361, Philadelphia County, Pennsylvania",3978.0,2360.0,1164.0,0.0,122.0,0.0,0.0,23.0,309.0,60341.0,42,101,036100
354,"Census Tract 362.01, Philadelphia County, Pennsylvania",5195.0,4236.0,244.0,0.0,0.0,0.0,6.0,152.0,557.0,62794.0,42,101,036201
355,"Census Tract 362.02, Philadelphia County, Pennsylvania",6171.0,4775.0,378.0,0.0,574.0,0.0,0.0,0.0,444.0,77740.0,42,101,036202
356,"Census Tract 362.03, Philadelphia County, Pennsylvania",4827.0,4146.0,133.0,66.0,122.0,0.0,0.0,4.0,356.0,70441.0,42,101,036203
357,"Census Tract 363.01, Philadelphia County, Pennsylvania",4351.0,2732.0,57.0,12.0,1117.0,0.0,70.0,4.0,359.0,74074.0,42,101,036301
358,"Census Tract 363.02, Philadelphia County, Pennsylvania",3607.0,2560.0,664.0,0.0,0.0,0.0,0.0,0.0,383.0,64238.0,42,101,036302
359,"Census Tract 363.03, Philadelphia County, Pennsylvania",6609.0,6266.0,63.0,0.0,110.0,0.0,0.0,37.0,133.0,96081.0,42,101,036303
360,"Census Tract 364, Philadelphia County, Pennsylvania",999.0,730.0,147.0,0.0,8.0,0.0,0.0,25.0,89.0,89792.0,42,101,036400
361,"Census Tract 365.01, Philadelphia County, Pennsylvania",4799.0,3464.0,538.0,5.0,292.0,0.0,0.0,84.0,416.0,59338.0,42,101,036501
362,"Census Tract 365.02, Philadelphia County, Pennsylvania",4341.0,3665.0,6.0,0.0,173.0,0.0,0.0,32.0,465.0,82963.0,42,101,036502
363,"Census Tract 366, Philadelphia County, Pennsylvania",2132.0,1416.0,140.0,0.0,151.0,0.0,0.0,55.0,370.0,125807.0,42,101,036600
364,"Census Tract 367, Philadelphia County, Pennsylvania",3121.0,2318.0,303.0,0.0,235.0,0.0,0.0,57.0,208.0,139514.0,42,101,036700
365,"Census Tract 369.01, Philadelphia County, Pennsylvania",0.0,0.0,0.0,0.0,0.0,0.0,0.0,0.0,0.0,-666666666.0,42,101,036901
366,"Census Tract 369.02, Philadelphia County, Pennsylvania",6034.0,3263.0,886.0,30.0,1283.0,0.0,3.0,179.0,390.0,26735.0,42,101,036902
367,"Census Tract 372, Philadelphia County, Pennsylvania",4241.0,2478.0,189.0,0.0,1243.0,0.0,0.0,320.0,11.0,58275.0,42,101,037200
368,"Census Tract 373, Philadelphia County, Pennsylvania",5632.0,4372.0,329.0,0.0,265.0,0.0,0.0,15.0,651.0,81102.0,42,101,037300
369,"Census Tract 375, Philadelphia County, Pennsylvania",3727.0,1387.0,1561.0,0.0,347.0,0.0,0.0,237.0,195.0,69205.0,42,101,037500
370,"Census Tract 376, Philadelphia County, Pennsylvania",3293.0,1468.0,655.0,24.0,677.0,0.0,17.0,48.0,404.0,77358.0,42,101,037600
371,"Census Tract 377, Philadelphia County, Pennsylvania",5100.0,1726.0,2042.0,0.0,327.0,0.0,0.0,176.0,829.0,19843.0,42,101,037700
372,"Census Tract 378, Philadelphia County, Pennsylvania",2352.0,2049.0,26.0,59.0,31.0,0.0,0.0,29.0,158.0,63393.0,42,101,037800
373,"Census Tract 379, Philadelphia County, Pennsylvania",4696.0,4133.0,8.0,8.0,64.0,0.0,0.0,0.0,483.0,55652.0,42,101,037900
374,"Census Tract 380, Philadelphia County, Pennsylvania",2649.0,1296.0,216.0,0.0,43.0,0.0,128.0,1.0,965.0,46389.0,42,101,038000
375,"Census Tract 381, Philadelphia County, Pennsylvania",961.0,464.0,177.0,0.0,2.0,0.0,0.0,124.0,194.0,31825.0,42,101,038100
376,"Census Tract 382, Philadelphia County, Pennsylvania",3039.0,1464.0,697.0,7.0,59.0,0.0,0.0,58.0,754.0,35141.0,42,101,038200
377,"Census Tract 383.01, Philadelphia County, Pennsylvania",2745.0,508.0,859.0,0.0,0.0,0.0,0.0,28.0,1350.0,-666666666.0,42,101,038301
378,"Census Tract 384, Philadelphia County, Pennsylvania",2393.0,1969.0,261.0,0.0,45.0,0.0,0.0,64.0,54.0,88173.0,42,101,038400
379,"Census Tract 385, Philadelphia County, Pennsylvania",1793.0,1546.0,56.0,0.0,71.0,0.0,0.0,105.0,15.0,98750.0,42,101,038500
380,"Census Tract 386, Philadelphia County, Pennsylvania",1410.0,1087.0,220.0,0.0,51.0,0.0,4.0,10.0,38.0,136250.0,42,101,038600
381,"Census Tract 387, Philadelphia County, Pennsylvania",2742.0,2047.0,394.0,0.0,182.0,0.0,0.0,63.0,56.0,125833.0,42,101,038700
382,"Census Tract 388, Philadelphia County, Pennsylvania",3864.0,2536.0,904.0,0.0,34.0,0.0,0.0,282.0,108.0,85685.0,42,101,038800
383,"Census Tract 389, Philadelphia County, Pennsylvania",3634.0,210.0,2898.0,177.0,0.0,0.0,20.0,77.0,252.0,42057.0,42,101,038900
384,"Census Tract 390.01, Philadelphia County, Pennsylvania",3915.0,399.0,1661.0,0.0,39.0,0.0,0.0,141.0,1675.0,44853.0,42,101,039001
385,"Census Tract 390.02, Philadelphia County, Pennsylvania",4745.0,335.0,2294.0,13.0,17.0,0.0,0.0,0.0,2086.0,82866.0,42,101,039002
386,"Census Tract 391, Philadelphia County, Pennsylvania",3580.0,93.0,3327.0,0.0,25.0,0.0,0.0,47.0,88.0,27136.0,42,101,039100
387,"Census Tract 9800.01, Philadelphia County, Pennsylvania",0.0,0.0,0.0,0.0,0.0,0.0,0.0,0.0,0.0,-666666666.0,42,101,980001
388,"Census Tract 9800.02, Philadelphia County, Pennsylvania",50.0,15.0,24.0,0.0,0.0,0.0,0.0,4.0,7.0,-666666666.0,42,101,980002
389,"Census Tract 9800.03, Philadelphia County, Pennsylvania",0.0,0.0,0.0,0.0,0.0,0.0,0.0,0.0,0.0,-666666666.0,42,101,980003
390,"Census Tract 9801, Philadelphia County, Pennsylvania",45.0,33.0,0.0,2.0,0.0,0.0,0.0,10.0,0.0,-666666666.0,42,101,980100
391,"Census Tract 9802, Philadelphia County, Pennsylvania",396.0,297.0,66.0,0.0,1.0,0.0,0.0,0.0,32.0,155000.0,42,101,980200
392,"Census Tract 9803, Philadelphia County, Pennsylvania",0.0,0.0,0.0,0.0,0.0,0.0,0.0,0.0,0.0,-666666666.0,42,101,980300
393,"Census Tract 9804, Philadelphia County, Pennsylvania",0.0,0.0,0.0,0.0,0.0,0.0,0.0,0.0,0.0,-666666666.0,42,101,980400
394,"Census Tract 9805, Philadelphia County, Pennsylvania",0.0,0.0,0.0,0.0,0.0,0.0,0.0,0.0,0.0,-666666666.0,42,101,980500
395,"Census Tract 9806, Philadelphia County, Pennsylvania",0.0,0.0,0.0,0.0,0.0,0.0,0.0,0.0,0.0,-666666666.0,42,101,980600
396,"Census Tract 9807.01, Philadelphia County, Pennsylvania",0.0,0.0,0.0,0.0,0.0,0.0,0.0,0.0,0.0,-666666666.0,42,101,980701
397,"Census Tract 9807.02, Philadelphia County, Pennsylvania",0.0,0.0,0.0,0.0,0.0,0.0,0.0,0.0,0.0,-666666666.0,42,101,980702
398,"Census Tract 9808, Philadelphia County, Pennsylvania",0.0,0.0,0.0,0.0,0.0,0.0,0.0,0.0,0.0,-666666666.0,42,101,980800
399,"Census Tract 9809.01, Philadelphia County, Pennsylvania",0.0,0.0,0.0,0.0,0.0,0.0,0.0,0.0,0.0,-666666666.0,42,101,980901
400,"Census Tract 9809.02, Philadelphia County, Pennsylvania",0.0,0.0,0.0,0.0,0.0,0.0,0.0,0.0,0.0,-666666666.0,42,101,980902
401,"Census Tract 9809.03, Philadelphia County, Pennsylvania",0.0,0.0,0.0,0.0,0.0,0.0,0.0,0.0,0.0,-666666666.0,42,101,980903
402,"Census Tract 9809.04, Philadelphia County, Pennsylvania",0.0,0.0,0.0,0.0,0.0,0.0,0.0,0.0,0.0,-666666666.0,42,101,980904
403,"Census Tract 9809.05, Philadelphia County, Pennsylvania",0.0,0.0,0.0,0.0,0.0,0.0,0.0,0.0,0.0,-666666666.0,42,101,980905
404,"Census Tract 9809.06, Philadelphia County, Pennsylvania",0.0,0.0,0.0,0.0,0.0,0.0,0.0,0.0,0.0,-666666666.0,42,101,980906
405,"Census Tract 9891, Philadelphia County, Pennsylvania",1631.0,224.0,1126.0,0.0,32.0,0.0,0.0,6.0,243.0,-666666666.0,42,101,989100
406,"Census Tract 9892, Philadelphia County, Pennsylvania",0.0,0.0,0.0,0.0,0.0,0.0,0.0,0.0,0.0,-666666666.0,42,101,989200
407,"Census Tract 9893, Philadelphia County, Pennsylvania",123.0,34.0,80.0,0.0,9.0,0.0,0.0,0.0,0.0,-666666666.0,42,101,989300
